first_name,last_name,company_name,address,city,county,state
Carlee,Boulter,"Tippett, Troy M Ii",8284 Hart St,Abilene,Dickinson,KS
Thaddeus,Ankeny,Atc Contracting,5 Washington St #1,Roseville,Placer,CA
Jovita,Oles,"Pagano, Philip G Esq",8 S Haven St,Daytona Beach,Volusia,FL
Alesia,Hixenbaugh,Kwikprint,9 Front St,Washington,District of Columbia,DC
Lai,Harabedian,Buergi & Madden Scale,1933 Packer Ave #2,Novato,Marin,CA
Brittni,Gillaspie,Inner Label,67 Rv Cent,Boise,Ada,ID
Raylene,Kampa,Hermar Inc,2 Sw Nyberg Rd,Elkhart,Elkhart,IN
Flo,Bookamer,Simonton Howe & Schneider Pc,89992 E 15th St,Alliance,Box Butte,NE
Jani,Biddy,Warehouse Office & Paper Prod,61556 W 20th Ave,Seattle,King,WA
Chauncey,Motley,Affiliated With Travelodge,63 E Aurora Dr,Orlando,Orange,FL
